{
  "resources": [
    "sprite.ogg",
    "sprite.m4a",
    "sprite.mp3",
    "sprite.ac3"
  ],
  "spritemap": {
    "ambiente": {
      "start": 0,
      "end": 45.013333333333335,
      "loop": false
    },
    "attack": {
      "start": 47,
      "end": 48.3772335600907,
      "loop": false
    },
    "catch": {
      "start": 50,
      "end": 51.533968253968254,
      "loop": false
    },
    "fx_mixdown": {
      "start": 53,
      "end": 72.90385487528344,
      "loop": false
    },
    "hurt": {
      "start": 74,
      "end": 76.0128798185941,
      "loop": false
    },
    "predatorAttacked": {
      "start": 78,
      "end": 79.05941043083901,
      "loop": false
    },
    "predatorDie": {
      "start": 81,
      "end": 84.4292970521542,
      "loop": false
    },
    "predatorVoice": {
      "start": 86,
      "end": 92.46820861678005,
      "loop": false
    },
    "reator": {
      "start": 94,
      "end": 95.04344671201814,
      "loop": false
    },
    "receptor": {
      "start": 97,
      "end": 97.84897959183674,
      "loop": false
    },
    "right": {
      "start": 99,
      "end": 99.94185941043084,
      "loop": false
    },
    "shock": {
      "start": 101,
      "end": 102.20308390022676,
      "loop": false
    },
    "animalcentriolo0": {
      "start": 104,
      "end": 149.17600907029478,
      "loop": false
    },
    "animalcentriolo1": {
      "start": 151,
      "end": 174.32,
      "loop": false
    },
    "animalcitoesqueleto0": {
      "start": 176,
      "end": 218.64800453514738,
      "loop": false
    },
    "animalcitoesqueleto1": {
      "start": 220,
      "end": 261.19201814058954,
      "loop": false
    },
    "animalcitoplasma0": {
      "start": 263,
      "end": 293.2,
      "loop": false
    },
    "animalcitoplasma1": {
      "start": 295,
      "end": 325.5840136054422,
      "loop": false
    },
    "animalcomplexogolgi0": {
      "start": 327,
      "end": 362.30401360544215,
      "loop": false
    },
    "animalcomplexogolgi1": {
      "start": 364,
      "end": 406.34401360544217,
      "loop": false
    },
    "animallisossomo0": {
      "start": 408,
      "end": 430.6960090702948,
      "loop": false
    },
    "animallisossomo1": {
      "start": 432,
      "end": 461.41600907029476,
      "loop": false
    },
    "animalmembranaplasmatica0": {
      "start": 463,
      "end": 492.28800453514737,
      "loop": false
    },
    "animalmembranaplasmatica1": {
      "start": 494,
      "end": 539.4480045351474,
      "loop": false
    },
    "animalmitocondria0": {
      "start": 541,
      "end": 589.5360090702948,
      "loop": false
    },
    "animalmitocondria1": {
      "start": 591,
      "end": 632.1920181405895,
      "loop": false
    },
    "animalnucleo0": {
      "start": 634,
      "end": 668.2320181405896,
      "loop": false
    },
    "animalnucleo1": {
      "start": 670,
      "end": 694.1520181405896,
      "loop": false
    },
    "animalperoxissomo0": {
      "start": 696,
      "end": 744.0560090702947,
      "loop": false
    },
    "animalperoxissomo1": {
      "start": 746,
      "end": 776.4560090702948,
      "loop": false
    },
    "animalreticuloendoplasmatico0": {
      "start": 778,
      "end": 818.5680045351473,
      "loop": false
    },
    "animalreticuloendoplasmatico1": {
      "start": 820,
      "end": 846.36,
      "loop": false
    },
    "animalribossomo0": {
      "start": 848,
      "end": 871.4,
      "loop": false
    },
    "animalribossomo1": {
      "start": 873,
      "end": 899.4880045351474,
      "loop": false
    },
    "capsula": {
      "start": 901,
      "end": 902.48,
      "loop": false
    },
    "centriolo": {
      "start": 904,
      "end": 905.56,
      "loop": false
    },
    "certo": {
      "start": 907,
      "end": 908.2596825396826,
      "loop": false
    },
    "citoesqueleto": {
      "start": 910,
      "end": 911.6720181405896,
      "loop": false
    },
    "citoplasma": {
      "start": 913,
      "end": 914.6560090702948,
      "loop": false
    },
    "cloropasto": {
      "start": 916,
      "end": 917.5760090702947,
      "loop": false
    },
    "complexogolgiense": {
      "start": 919,
      "end": 921.1680045351474,
      "loop": false
    },
    "errado": {
      "start": 923,
      "end": 923.9926530612245,
      "loop": false
    },
    "flagelo": {
      "start": 925,
      "end": 926.4320181405895,
      "loop": false
    },
    "lisossomo": {
      "start": 928,
      "end": 929.56,
      "loop": false
    },
    "membranaplasmatica": {
      "start": 931,
      "end": 933.04,
      "loop": false
    },
    "mitocondria": {
      "start": 935,
      "end": 936.5920181405895,
      "loop": false
    },
    "nucleo": {
      "start": 938,
      "end": 939.4160090702948,
      "loop": false
    },
    "nucleoide": {
      "start": 941,
      "end": 942.4480045351474,
      "loop": false
    },
    "paredecelular": {
      "start": 944,
      "end": 945.9120181405896,
      "loop": false
    },
    "peroxissomo": {
      "start": 947,
      "end": 948.7040136054421,
      "loop": false
    },
    "posicao1": {
      "start": 950,
      "end": 951.8480045351474,
      "loop": false
    },
    "posicao10": {
      "start": 953,
      "end": 955.0240136054422,
      "loop": false
    },
    "posicao11": {
      "start": 957,
      "end": 958.9440136054421,
      "loop": false
    },
    "posicao2": {
      "start": 960,
      "end": 962.04,
      "loop": false
    },
    "posicao3": {
      "start": 964,
      "end": 966.12,
      "loop": false
    },
    "posicao4": {
      "start": 968,
      "end": 970.1360090702948,
      "loop": false
    },
    "posicao5": {
      "start": 972,
      "end": 974.0880045351474,
      "loop": false
    },
    "posicao6": {
      "start": 976,
      "end": 978.1360090702948,
      "loop": false
    },
    "posicao7": {
      "start": 980,
      "end": 982.1040136054422,
      "loop": false
    },
    "posicao8": {
      "start": 984,
      "end": 985.9760090702948,
      "loop": false
    },
    "posicao9": {
      "start": 987,
      "end": 989.0080045351474,
      "loop": false
    },
    "procariontecapsula0": {
      "start": 991,
      "end": 1032.624013605442,
      "loop": false
    },
    "procariontecapsula1": {
      "start": 1034,
      "end": 1077.96,
      "loop": false
    },
    "procariontecitoplasma0": {
      "start": 1079,
      "end": 1115.2160090702948,
      "loop": false
    },
    "procariontecitoplasma1": {
      "start": 1117,
      "end": 1153.28,
      "loop": false
    },
    "procarionteflagelo0": {
      "start": 1155,
      "end": 1182.48,
      "loop": false
    },
    "procarionteflagelo1": {
      "start": 1184,
      "end": 1216.2320181405896,
      "loop": false
    },
    "procariontemembranaplasmatica0": {
      "start": 1218,
      "end": 1248.4080045351475,
      "loop": false
    },
    "procariontemembranaplasmatica1": {
      "start": 1250,
      "end": 1280.7120181405896,
      "loop": false
    },
    "procariontenucleoide0": {
      "start": 1282,
      "end": 1311.96,
      "loop": false
    },
    "procariontenucleoide1": {
      "start": 1313,
      "end": 1338.1920181405897,
      "loop": false
    },
    "procarionteparedecelular0": {
      "start": 1340,
      "end": 1369.0640136054421,
      "loop": false
    },
    "procarionteparedecelular1": {
      "start": 1371,
      "end": 1399.84,
      "loop": false
    },
    "procarionteribossomo0": {
      "start": 1401,
      "end": 1431.0560090702947,
      "loop": false
    },
    "procarionteribossomo1": {
      "start": 1433,
      "end": 1463.3280045351473,
      "loop": false
    },
    "reticuloendoplasmatico": {
      "start": 1465,
      "end": 1467.52,
      "loop": false
    },
    "ribossomos": {
      "start": 1469,
      "end": 1470.5920181405895,
      "loop": false
    },
    "vacuolo": {
      "start": 1472,
      "end": 1473.9120181405897,